date,open,close,high,low,amount
2020-12-30,95.5,95.98,96.6,94.21,231644.06
2020-12-31,96.0,98.44,98.98,95.98,268671.76
2021-01-04,98.9,99.01,101.95,98.03,338826.8
2021-01-05,98.07,101.54,101.94,97.0,351148.01
2021-01-06,103.0,100.96,104.8,99.65,360203.38
2021-01-07,102.0,104.82,105.67,101.2,451400.52
2021-01-08,104.0,103.01,104.7,101.25,330690.48
2021-01-11,103.2,101.0,104.33,100.0,341891.87
2021-01-12,100.31,104.1,104.28,100.31,355295.86
2021-01-13,105.0,103.34,105.71,102.04,343487.39
2021-01-14,103.6,99.6,104.39,99.39,373815.28
2021-01-15,99.03,99.69,100.17,96.78,357438.23
2021-01-18,99.39,99.12,100.28,97.51,286771.8
2021-01-19,99.69,94.85,100.11,94.48,423078.07
2021-01-20,96.0,96.28,98.12,95.5,322023.27
2021-01-21,97.24,100.1,101.0,96.99,409301.71
2021-01-22,100.0,100.57,101.53,98.09,307755.82
2021-01-25,101.0,101.98,102.87,98.7,377359.92
2021-01-26,101.0,97.94,101.0,97.1,407670.26
2021-01-27,97.09,97.95,99.84,96.38,283268.51
2021-01-28,96.53,95.16,96.99,94.5,310572.14
2021-01-29,95.35,96.33,97.79,93.68,372465.08
2021-02-01,96.33,98.2,98.51,94.66,286062.71
2021-02-02,97.4,98.58,100.2,97.4,315443.55
2021-02-03,99.5,97.64,100.4,96.2,323955.36
2021-02-04,96.29,96.4,97.59,95.23,364864.02
2021-02-05,96.98,97.25,98.37,95.0,372623.93
2021-02-08,97.26,96.66,97.5,94.4,377435.63
2021-02-09,97.59,101.9,101.9,96.89,537122.47
2021-02-10,102.92,107.11,108.0,101.5,536799.07
2021-02-18,107.12,98.3,107.36,97.0,940429.08
2021-02-19,95.01,97.99,98.33,95.01,693877.09
2021-02-22,97.28,90.44,97.28,90.38,903986.09
2021-02-23,89.05,90.94,92.0,88.83,604755.31
2021-02-24,96.1,95.02,98.6,93.12,1003546.33
2021-02-25,94.9,93.94,95.79,92.1,416370.2
2021-02-26,92.0,93.08,94.49,91.02,601123.03
2021-03-01,93.4,93.33,95.3,91.83,370844.02
2021-03-02,94.87,93.52,95.84,92.7,473398.22
2021-03-03,92.73,93.49,93.72,91.5,330591.87
2021-03-04,92.22,89.9,92.58,89.44,446348.2
2021-03-05,87.57,89.5,90.27,86.03,409487.09
2021-03-08,88.5,85.5,89.71,85.44,488293.4
2021-03-09,84.65,81.99,84.9,81.7,568963.33
2021-03-10,84.0,83.66,84.66,82.05,473167.65
2021-03-11,84.58,85.95,86.5,83.5,408116.44
2021-03-12,85.97,85.96,88.03,85.21,323645.32
2021-03-15,84.81,82.3,84.84,81.0,490513.85
2021-03-16,82.41,82.58,83.03,81.55,349261.15
2021-03-17,82.01,84.07,84.28,81.36,370952.28
2021-03-18,84.98,86.71,87.0,84.8,347035.88
2021-03-19,85.0,85.31,86.6,84.39,305291.85
2021-03-22,84.99,83.38,85.53,82.3,314092.85
2021-03-23,83.38,81.47,83.44,81.07,369695.97
2021-03-24,81.5,81.68,82.48,81.26,235367.58
2021-03-25,81.07,80.68,81.5,79.3,247524.83
2021-03-26,81.1,82.01,82.5,79.96,310830.2
2021-03-29,81.96,81.47,82.47,81.0,294535.24
2021-03-30,81.86,82.47,83.49,81.11,351971.52
2021-03-31,82.8,82.23,82.98,81.25,273525.08
2021-04-01,82.0,85.43,85.88,81.8,352045.12
2021-04-02,85.5,87.11,88.5,84.9,291525.38
2021-04-06,87.16,84.38,87.7,84.0,257668.4
2021-04-07,84.38,82.72,84.49,81.88,299774.66
2021-04-08,82.51,82.68,82.92,81.95,182114.06
2021-04-09,82.98,80.45,82.98,80.24,322385.56
2021-04-12,80.3,79.3,81.26,79.0,252774.87
2021-04-13,78.95,78.69,79.82,78.12,213628.28
2021-04-14,78.97,80.13,80.63,78.89,210692.29
2021-04-15,80.13,80.28,81.0,78.96,174452.81
2021-04-16,80.3,79.9,80.6,78.9,153478.18
2021-04-19,80.0,81.67,82.11,79.0,267593.56
2021-04-20,81.08,80.98,81.5,80.03,231533.86
2021-04-21,80.0,79.6,80.5,79.5,251906.06
2021-04-22,79.62,80.25,80.29,79.01,230968.78
2021-04-23,80.42,83.86,84.0,80.26,451415.58
2021-04-26,84.24,80.03,85.0,79.91,418029.19
2021-04-27,79.97,80.72,81.63,79.2,190000.53
2021-04-28,81.0,81.55,81.7,80.08,179025.75
2021-04-29,82.06,83.43,84.25,81.87,298159.63
2021-04-30,84.7,80.17,84.7,79.8,582377.0
2021-05-06,78.31,77.56,79.77,77.49,491159.46
2021-05-07,77.4,75.08,77.55,75.0,437295.14
2021-05-10,75.83,78.0,79.2,75.83,549439.86
2021-05-11,77.16,78.34,79.0,76.59,273334.64
2021-05-12,78.9,77.27,78.9,76.45,273410.35
2021-05-13,76.12,75.15,76.5,75.0,329507.62
2021-05-14,75.3,76.44,76.57,73.62,304811.13
2021-05-17,77.0,78.4,79.35,76.88,418092.3
2021-05-18,79.8,77.84,80.0,77.2,268555.15
2021-05-19,77.05,77.33,77.76,76.5,225052.69
2021-05-20,79.0,80.7,80.86,77.57,735330.93
2021-05-21,81.1,81.55,83.1,80.87,502224.28
2021-05-24,82.63,82.2,83.0,80.95,360149.44
2021-05-25,82.97,83.28,84.2,82.34,417467.44
2021-05-26,83.9,84.33,84.99,82.45,360381.91
2021-05-27,84.99,83.9,85.03,83.43,296156.6
2021-05-28,83.28,82.53,83.29,82.0,387415.14
2021-05-31,82.7,81.0,82.7,79.74,523951.01
2021-06-01,80.91,80.17,80.91,79.32,473370.82
2021-06-02,79.4,79.5,79.5,78.5,342846.54
2021-06-03,79.5,77.93,79.84,77.48,416690.46
2021-06-04,77.41,77.73,78.5,76.53,283066.03
2021-06-07,77.75,76.78,77.77,76.15,277274.99
2021-06-08,76.9,76.02,77.3,75.63,320893.44
2021-06-09,76.27,75.59,76.62,75.2,251380.05
2021-06-10,75.7,75.4,75.94,74.9,320755.63
2021-06-11,75.4,74.0,75.6,73.51,465213.67
2021-06-15,73.87,73.24,74.5,72.0,445900.3
2021-06-16,73.9,75.0,75.26,73.2,449701.85
2021-06-17,75.2,73.46,75.33,73.3,299292.38
2021-06-18,73.33,73.8,74.21,72.16,388178.63
2021-06-21,73.82,72.0,73.83,71.17,477386.43
2021-06-22,71.9,71.28,72.88,70.88,410341.69
2021-06-23,71.21,73.17,73.29,70.7,434043.58
2021-06-24,74.5,73.2,74.5,72.71,287028.16
2021-06-25,73.57,73.17,73.78,72.58,412552.01
2021-06-28,73.18,73.21,73.9,72.5,306845.68
2021-06-29,73.78,71.46,73.8,71.24,349799.11
2021-06-30,71.1,71.37,71.9,70.85,284444.13
2021-07-01,71.3,73.24,73.39,70.56,446417.83
2021-07-02,72.63,71.1,72.75,70.66,403184.36
2021-07-05,70.28,68.2,70.37,66.78,780811.02
2021-07-06,67.66,68.61,69.35,66.81,410636.62
2021-07-07,68.95,70.39,71.95,68.61,559597.61
2021-07-08,70.0,70.0,70.79,68.86,359770.37
2021-07-09,69.55,69.2,70.58,68.71,290798.3
2021-07-12,69.64,70.7,71.5,68.92,404955.49
2021-07-13,70.78,72.8,73.33,70.58,474532.41
2021-07-14,72.45,72.0,72.8,71.56,334055.15
2021-07-15,72.0,71.17,72.35,70.61,319702.43
2021-07-16,71.3,69.7,71.3,68.8,456910.25
2021-07-19,69.79,70.14,70.3,68.6,305611.68
2021-07-20,69.66,69.61,70.22,69.01,230947.8
2021-07-21,69.72,67.99,69.92,67.81,515186.57
2021-07-22,67.99,68.3,69.89,66.98,428837.59
2021-07-23,68.3,66.96,68.88,66.51,424513.36
2021-07-26,65.58,64.68,66.07,63.87,570128.81
2021-07-27,64.67,61.4,64.98,61.4,618698.75
2021-07-28,61.4,63.28,63.8,61.11,477829.07
2021-07-29,64.5,63.3,64.5,62.63,392712.65
2021-07-30,63.09,63.51,64.08,61.96,419778.74
2021-08-02,63.5,66.08,66.66,62.58,544452.6
2021-08-03,65.5,70.92,72.26,65.18,899927.68
2021-08-04,70.4,69.99,71.68,69.73,426362.29
2021-08-05,69.45,69.9,71.61,69.09,453382.68
2021-08-06,70.0,70.35,71.05,68.05,344817.66
2021-08-09,69.6,72.47,73.5,69.37,513619.21
2021-08-10,72.1,72.85,72.85,70.83,323715.45
2021-08-11,72.34,71.93,73.55,71.87,285607.14
2021-08-12,71.5,70.92,72.47,70.6,305392.65
2021-08-13,70.92,71.61,71.98,69.8,303013.04
2021-08-16,71.61,74.99,75.45,71.45,663055.82
2021-08-17,74.98,73.4,75.5,73.11,414103.11
2021-08-18,73.39,74.5,75.0,72.7,326173.17
2021-08-19,74.96,71.94,75.28,71.87,328662.21
2021-08-20,70.99,72.0,72.49,69.79,301298.22
2021-08-23,71.7,70.61,72.55,70.13,242164.01
2021-08-24,70.2,70.5,71.15,68.18,387440.22
2021-08-25,70.1,69.15,70.7,69.0,253518.79
2021-08-26,69.14,67.93,69.65,67.51,305609.14
2021-08-27,67.93,67.8,68.98,67.38,245560.8
2021-08-30,67.95,65.98,68.11,65.31,453444.2
2021-08-31,65.9,66.0,67.89,65.26,319641.02
2021-09-01,66.51,69.15,69.85,65.18,541204.72
2021-09-02,69.58,69.19,69.58,67.85,427612.83
2021-09-03,68.97,70.04,70.13,68.2,286807.84
2021-09-06,70.12,72.12,73.24,70.11,396106.16
2021-09-07,72.7,73.02,73.93,71.81,389370.22
2021-09-08,73.0,72.72,73.65,72.21,266823.59
2021-09-09,72.72,72.02,73.35,71.23,223508.46
2021-09-10,72.02,72.4,73.0,71.1,210795.81
2021-09-13,72.32,70.98,72.69,70.73,212937.72
2021-09-14,71.0,68.43,71.4,68.21,307033.35
2021-09-15,68.01,66.52,68.42,65.8,396306.58
2021-09-16,66.52,65.95,67.18,65.8,294662.22
2021-09-17,66.36,68.26,68.28,66.09,260977.37
2021-09-22,67.0,66.08,67.3,65.88,239677.87
2021-09-23,66.76,66.79,67.1,66.0,199430.38
2021-09-24,66.5,67.2,68.2,66.09,273724.09
2021-09-27,67.19,68.7,70.39,66.77,332664.6
2021-09-28,68.07,70.27,70.5,67.31,347514.38
2021-09-29,69.95,70.27,70.9,69.28,295308.2
2021-09-30,70.27,69.6,71.13,69.5,218791.16
2021-10-08,70.2,72.5,72.58,69.75,416133.73
2021-10-11,72.7,71.08,73.1,71.08,234492.47
2021-10-12,71.11,71.62,72.58,70.08,215990.19
2021-10-13,72.0,71.0,72.22,70.25,160558.9
2021-10-14,71.03,70.13,71.62,69.65,162333.58
2021-10-15,71.0,71.0,71.78,70.36,204251.07
2021-10-18,71.0,69.62,71.0,69.0,219018.73
2021-10-19,69.31,69.88,70.46,69.05,181044.97
2021-10-20,70.0,68.07,70.5,68.02,302766.09
2021-10-21,68.28,69.68,69.79,68.04,205973.02
2021-10-22,69.97,74.5,75.0,69.95,819479.36
2021-10-25,73.99,72.4,74.3,71.6,430581.06
2021-10-26,71.75,70.02,71.98,70.02,396448.1
2021-10-27,69.06,67.0,69.45,67.0,678497.0
2021-10-28,66.5,68.12,68.35,66.04,277978.6
2021-10-29,67.43,68.77,69.5,67.3,282021.16
2021-11-01,71.27,72.81,73.92,70.65,748110.69
2021-11-02,72.81,70.81,73.39,70.38,339795.98
2021-11-03,70.03,69.32,71.5,69.32,221362.9
2021-11-04,70.0,70.72,71.24,69.49,236740.66
2021-11-05,70.31,70.75,71.81,69.79,186306.32
2021-11-08,70.63,70.44,70.96,69.8,149609.96
2021-11-09,70.35,69.0,70.35,68.37,227670.37
2021-11-10,68.69,69.58,69.8,68.02,237357.91
2021-11-11,69.19,72.04,72.36,68.9,363320.28
2021-11-12,71.88,72.17,73.88,71.6,266143.92
2021-11-15,72.0,72.48,73.0,71.5,214973.17
2021-11-16,73.0,72.73,73.5,72.39,211401.9
2021-11-17,72.25,72.11,73.2,71.52,143903.3
2021-11-18,71.83,70.22,71.84,69.98,194134.31
2021-11-19,70.22,70.0,70.5,69.31,251029.95
2021-11-22,69.73,69.95,70.28,69.5,229662.39
2021-11-23,69.94,69.47,69.94,69.02,224157.18
2021-11-24,70.15,70.15,70.37,69.02,252709.93
2021-11-25,70.0,69.14,70.0,69.08,181103.45
2021-11-26,69.0,68.81,69.45,68.58,140483.78
2021-11-29,67.99,68.17,68.58,67.72,200021.0
2021-11-30,67.86,67.78,69.15,67.67,195436.71
2021-12-01,67.67,68.16,68.2,67.2,180101.01
2021-12-02,67.38,67.74,67.97,67.11,172928.4
2021-12-03,67.71,67.16,67.71,66.68,217091.79
2021-12-06,67.16,68.57,68.78,67.11,281560.18
2021-12-07,69.1,70.23,70.4,69.1,459961.0
2021-12-08,70.39,69.99,70.45,69.0,244486.18
2021-12-09,71.5,72.22,72.75,70.88,587205.74
2021-12-10,71.66,71.9,72.4,70.7,297742.71
2021-12-13,72.75,72.95,75.27,72.52,543929.76
2021-12-14,72.25,71.05,72.48,71.05,253301.23
2021-12-15,70.99,70.35,71.41,70.18,165669.27
2021-12-16,70.45,70.4,70.88,69.82,153603.53
2021-12-17,70.09,68.7,70.26,68.7,204678.41
2021-12-20,68.88,69.62,70.34,68.81,206579.79
2021-12-21,69.61,71.65,72.13,69.5,317596.6
2021-12-22,71.45,71.53,71.9,70.03,224831.08
2021-12-23,71.09,71.87,72.87,71.0,196541.81
2021-12-24,71.33,72.16,72.25,70.83,163774.82
2021-12-27,72.2,73.05,74.0,71.9,275623.36
2021-12-28,73.05,75.18,75.46,73.05,512720.47
2021-12-29,75.0,74.01,75.55,73.75,215842.58
2021-12-30,74.0,73.96,74.5,73.18,218290.08
2021-12-31,73.9,73.81,74.44,72.78,216733.93
2022-01-04,74.0,75.36,75.5,73.6,310408.01
2022-01-05,75.4,76.27,79.83,74.74,613699.22
2022-01-06,75.81,74.98,78.19,74.8,341889.49
2022-01-07,75.48,77.78,78.48,75.01,437220.85
2022-01-10,78.2,77.8,80.88,77.0,352521.63
2022-01-11,77.02,75.6,78.82,75.5,336945.29
2022-01-12,76.09,74.28,76.32,73.03,384641.29
2022-01-13,74.58,72.32,75.36,72.2,267325.85
2022-01-14,72.1,72.0,72.85,71.4,209969.9
2022-01-17,72.1,73.03,73.44,71.72,203811.36
2022-01-18,72.81,73.3,73.68,72.02,213077.18
2022-01-19,73.7,75.23,76.19,73.46,404010.59
2022-01-20,75.19,78.62,78.8,75.11,506621.97
2022-01-21,78.12,77.41,78.82,76.63,302262.21
2022-01-24,76.8,77.08,79.03,76.5,169130.71
2022-01-25,76.8,75.85,78.8,75.22,251851.51
2022-01-26,76.47,76.51,77.53,75.54,179965.04
2022-01-27,75.75,74.82,76.77,74.51,258965.59
2022-01-28,74.83,73.2,76.0,73.03,269219.24
2022-02-07,74.5,74.7,75.64,73.38,212957.84
2022-02-08,74.4,74.3,74.9,73.0,252227.89
2022-02-09,74.6,76.59,77.07,73.9,308211.3
2022-02-10,76.1,73.65,76.61,73.5,400938.08
2022-02-11,73.15,74.14,74.6,72.48,263156.15
2022-02-14,73.5,73.0,73.53,71.6,198336.4
2022-02-15,72.72,72.03,73.3,71.9,226625.61
2022-02-16,72.18,73.3,73.49,71.8,189392.58
2022-02-17,73.01,72.27,73.8,72.11,177123.19
2022-02-18,71.79,73.0,73.14,71.31,153925.11
2022-02-21,72.8,72.7,72.82,72.0,107090.58
2022-02-22,72.1,70.17,72.15,69.25,363014.46
2022-02-23,70.05,70.48,70.64,69.7,195985.6
2022-02-24,69.52,68.3,69.76,67.46,418996.69
2022-02-25,68.75,68.12,68.95,67.81,224170.97
2022-02-28,67.5,66.72,67.62,65.5,483623.95
2022-03-01,66.61,68.33,68.39,65.68,406334.96
2022-03-02,67.5,66.92,67.5,66.2,247869.34
2022-03-03,67.25,66.67,67.25,65.95,262305.56
2022-03-04,65.95,65.6,66.33,65.09,305204.27
2022-03-07,64.58,62.51,64.58,62.04,476452.42
2022-03-08,61.9,59.76,63.0,59.7,577686.7
2022-03-09,59.28,59.52,60.01,56.61,562758.07
2022-03-10,61.21,58.87,61.39,58.12,473628.69
2022-03-11,58.3,59.38,59.67,57.33,356389.96
2022-03-14,58.02,56.69,59.09,56.69,319186.08
2022-03-15,56.2,54.4,57.23,54.28,499267.66
2022-03-16,56.2,56.99,57.31,54.25,529457.81
2022-03-17,59.44,58.7,59.68,57.61,522664.37
2022-03-18,58.7,58.9,59.01,57.65,368393.05
2022-03-21,59.03,58.45,59.55,58.0,306417.15
2022-03-22,58.1,58.58,58.94,58.02,194039.69
2022-03-23,58.73,58.0,58.86,57.93,243737.29
2022-03-24,57.5,57.58,57.82,57.11,236786.7
2022-03-25,57.59,56.09,57.92,56.05,252163.69
2022-03-28,55.87,55.8,56.16,54.8,215852.82
2022-03-29,56.11,54.65,56.23,54.46,252429.58
2022-03-30,54.99,57.0,57.0,54.95,339002.53
2022-03-31,56.9,57.0,57.2,56.22,251335.97
2022-04-01,56.5,58.6,59.24,55.81,457752.0
2022-04-06,58.05,58.41,59.18,57.9,307532.0
2022-04-07,57.65,57.7,59.12,57.61,269420.0
2022-04-08,57.7,57.33,57.92,56.84,226827.0
2022-04-11,57.45,55.36,57.47,55.27,338124.0
2022-04-12,55.74,57.44,57.5,55.29,297175.0
2022-04-13,56.98,56.57,57.45,56.43,211987.0
2022-04-14,57.02,58.72,59.08,57.02,427417.0
2022-04-15,58.32,58.65,59.3,58.16,212421.0
2022-04-18,58.5,57.57,58.5,57.53,154682.0
2022-04-19,57.65,57.3,58.15,57.06,168495.0
2022-04-20,57.75,57.56,58.89,57.0,216628.0
2022-04-21,57.1,56.03,57.99,55.6,280000.0
2022-04-22,55.6,56.97,57.52,54.68,244698.0
2022-04-25,56.55,55.07,57.49,55.03,325601.0
2022-04-26,55.07,51.79,55.47,51.51,632046.0
2022-04-27,50.73,53.1,53.35,50.5,375710.0
2022-04-28,53.5,53.28,53.7,52.07,252589.0
2022-04-29,54.0,57.09,57.29,53.28,575241.0
2022-05-05,58.05,58.7,59.38,57.85,467907.0
2022-05-06,57.6,58.2,58.5,57.39,212170.0
2022-05-09,57.25,56.36,57.52,55.77,215297.0
2022-05-10,55.23,56.6,56.89,55.0,300571.0
2022-05-11,56.48,56.68,57.5,56.0,359115.0
2022-05-12,56.58,55.74,56.58,55.28,225791.0
2022-05-13,56.52,57.01,57.17,56.2,244320.0
2022-05-16,57.52,56.2,58.75,55.55,286645.0
2022-05-17,56.0,57.39,57.5,55.7,228314.0
2022-05-18,57.5,56.63,57.67,55.92,222697.0
2022-05-19,55.79,55.82,56.19,55.33,201959.0
2022-05-20,55.9,56.9,57.12,55.36,266085.0
2022-05-23,56.35,54.31,56.5,54.09,557831.0
2022-05-24,54.06,53.79,54.69,53.55,263463.0
2022-05-25,53.5,53.4,53.8,53.0,221974.0
2022-05-26,53.4,53.82,54.08,51.8,423828.0
2022-05-27,54.43,53.12,54.79,53.01,352557.0
2022-05-30,53.15,53.4,53.8,53.01,216385.0
2022-05-31,53.49,54.48,54.48,53.1,355099.0
2022-06-01,54.3,54.27,54.77,53.85,292058.0
2022-06-02,52.76,52.56,52.78,52.08,275846.0
2022-06-06,52.58,52.79,52.93,51.58,365209.0
2022-06-07,52.5,53.0,53.13,52.1,291695.0
2022-06-08,53.01,52.99,53.8,52.53,362977.0
2022-06-09,52.85,52.38,53.15,52.19,286836.0
2022-06-10,52.11,52.25,52.34,51.75,300349.0
2022-06-13,51.8,51.06,51.85,50.66,404263.0
2022-06-14,50.3,51.43,51.56,50.12,348424.0
2022-06-15,51.12,54.44,55.0,51.12,915078.0
2022-06-16,54.47,53.83,54.93,53.49,359382.0
2022-06-17,53.03,54.76,55.41,52.52,538134.0
2022-06-20,55.16,57.06,57.55,55.16,765309.0
2022-06-21,57.1,57.29,58.39,56.65,537077.0
2022-06-22,57.27,56.0,57.27,56.0,297211.0
2022-06-23,55.96,55.99,56.47,55.3,304532.0
2022-06-24,55.99,57.8,58.95,55.76,732011.0
2022-06-27,58.3,59.1,60.08,58.3,581584.0
2022-06-28,59.6,59.1,59.6,58.45,322522.0
2022-06-29,59.48,59.27,60.64,59.21,420723.0
2022-06-30,59.36,60.39,60.66,59.0,370539.0
2022-07-01,60.19,58.79,60.19,58.16,337857.0
2022-07-04,57.54,59.97,60.06,57.54,313750.0
2022-07-05,59.75,59.54,61.49,58.9,283847.0
2022-07-06,60.05,59.28,61.03,58.67,307640.0
2022-07-07,59.02,58.7,59.8,58.5,197472.0
2022-07-08,59.12,58.58,59.12,57.9,227250.0
2022-07-11,58.26,58.9,59.2,57.72,273547.0
2022-07-12,59.05,60.1,60.88,59.05,408104.0
2022-07-13,60.08,58.3,60.25,58.03,387901.0
2022-07-14,59.0,56.2,59.19,55.85,545200.0
2022-07-15,55.8,55.2,56.58,55.15,302679.0
2022-07-18,55.2,55.29,55.88,54.0,235494.0
2022-07-19,55.1,55.03,55.66,54.76,197097.0
2022-07-20,55.47,55.43,56.35,55.1,217052.0
2022-07-21,55.5,54.89,55.9,54.8,163847.0
2022-07-22,54.65,55.09,55.47,54.3,186461.0
2022-07-25,55.1,56.45,56.72,55.01,360274.0
2022-07-26,56.5,57.4,57.86,56.37,263042.0
2022-07-27,57.2,55.92,57.25,55.77,244410.0
2022-07-28,56.0,55.75,56.14,55.51,146147.0
2022-07-29,55.95,54.98,56.2,54.78,237474.0
2022-08-01,55.25,54.61,55.3,54.08,186467.0
2022-08-02,54.08,53.6,54.1,52.9,260486.0
2022-08-03,53.21,52.25,54.01,52.08,318780.0
2022-08-04,52.4,52.5,52.77,52.1,135291.0
2022-08-05,52.74,52.97,52.97,52.08,198191.0
2022-08-08,52.55,52.43,52.97,52.33,218082.0
2022-08-09,52.45,52.66,53.06,52.25,160516.0
2022-08-10,52.63,51.83,52.63,51.77,163024.0
2022-08-11,52.3,52.92,52.98,51.88,229539.0
2022-08-12,52.71,53.16,53.46,52.43,169879.0
2022-08-15,53.17,52.8,53.6,52.52,183235.0
2022-08-16,52.82,52.6,52.89,52.3,163357.0
2022-08-17,52.66,53.43,53.88,52.11,238435.0
2022-08-18,53.1,52.62,53.25,52.41,140885.0
2022-08-19,52.68,52.61,52.81,52.25,132153.0
2022-08-22,52.46,53.04,53.55,52.29,238176.0
2022-08-23,52.95,52.12,53.1,52.0,220349.0
2022-08-24,52.1,51.39,52.18,51.31,215842.0
2022-08-25,51.39,52.23,52.41,50.97,209893.0
2022-08-26,52.48,52.23,52.66,51.89,160406.0
2022-08-29,51.6,52.28,52.87,51.51,164561.0
2022-08-30,52.49,52.3,53.21,52.08,202708.0
2022-08-31,52.1,53.24,53.65,52.09,462838.0
2022-09-01,53.23,55.11,55.5,53.23,642105.0
2022-09-02,55.11,53.65,55.11,53.17,367460.0
2022-09-05,53.1,53.8,54.0,52.88,190275.0
2022-09-06,53.81,53.46,54.21,53.4,177962.0
2022-09-07,53.67,53.05,53.69,52.98,209953.0
2022-09-08,53.05,53.37,53.75,53.05,153657.0
2022-09-09,53.37,55.44,55.63,53.26,523881.0
2022-09-13,55.44,56.49,56.9,55.07,346024.0
2022-09-14,55.5,55.93,56.25,55.4,187473.0
2022-09-15,55.89,56.34,57.2,55.69,289698.0
2022-09-16,55.99,55.12,56.1,54.9,259940.0
2022-09-19,54.67,54.98,55.44,54.12,203600.0
2022-09-20,54.85,53.52,55.1,53.3,350660.0
2022-09-21,54.43,52.85,54.46,52.34,267752.0
2022-09-22,52.74,51.5,52.75,51.29,401432.0
2022-09-23,51.11,51.34,51.89,51.0,175176.0
2022-09-26,51.0,51.05,52.0,50.89,205533.0
2022-09-27,51.15,51.68,51.88,50.3,247650.0
2022-09-28,51.5,51.17,51.77,51.1,135577.0
2022-09-29,51.47,50.5,51.76,50.3,253195.0
2022-09-30,50.13,49.31,50.57,49.31,355638.0
2022-10-10,49.31,48.7,49.99,48.46,260145.0
2022-10-11,48.69,48.37,48.85,48.0,220037.0
2022-10-12,48.05,48.27,48.3,47.0,240971.0
2022-10-13,47.99,47.06,48.0,47.01,277454.0
2022-10-14,47.25,47.99,48.25,47.1,313388.0
2022-10-17,47.71,47.67,47.85,47.3,235017.0
2022-10-18,47.98,47.44,48.15,47.33,270086.0
2022-10-19,47.36,45.22,47.36,45.17,556549.0
2022-10-20,44.8,44.38,45.28,43.86,366478.0
2022-10-21,44.39,44.0,44.78,43.77,272432.0
2022-10-24,43.7,42.39,44.32,42.3,459169.0
2022-10-25,42.8,42.02,42.95,41.98,414401.0
2022-10-26,42.2,42.46,43.21,42.16,362814.0
2022-10-27,42.7,42.58,43.0,42.3,226403.0
2022-10-28,42.21,40.76,42.38,40.62,401750.0
2022-10-31,40.73,40.18,40.8,40.1,345535.0
2022-11-01,40.58,41.6,41.6,40.09,480671.0
2022-11-02,41.4,42.08,42.6,41.22,380199.0
2022-11-03,41.8,41.58,41.87,41.2,288535.0
2022-11-04,41.63,43.09,43.35,41.58,457491.0
2022-11-07,43.0,43.06,43.26,42.51,331596.0
2022-11-08,43.12,43.0,43.29,42.58,305582.0
2022-11-09,43.39,43.04,43.85,42.95,229904.0
2022-11-10,42.75,42.97,42.98,42.53,223054.0
2022-11-11,44.53,45.63,46.2,43.71,828835.0
2022-11-14,47.92,47.8,49.11,47.3,1000204.0
2022-11-15,48.5,49.07,49.58,47.7,512288.0
2022-11-16,49.4,48.46,49.4,48.16,259926.0
2022-11-17,48.39,47.96,49.1,47.68,192846.0
2022-11-18,48.36,47.97,48.54,47.68,160676.0
2022-11-21,47.47,46.34,47.47,46.24,345234.0
2022-11-22,46.4,46.3,47.04,45.9,235692.0
2022-11-23,46.23,46.28,46.54,46.02,142552.0
2022-11-24,46.75,45.91,47.2,45.78,213800.0
2022-11-25,45.91,46.69,47.09,45.83,246975.0
2022-11-28,45.68,46.29,46.45,45.23,226551.0
2022-11-29,48.0,48.42,48.78,46.92,389287.0
2022-11-30,48.18,47.87,48.98,47.49,272876.0
2022-12-01,48.81,48.31,49.33,48.27,276045.0
2022-12-02,48.04,48.04,48.6,47.76,170150.0
2022-12-05,48.49,49.7,50.0,48.4,361068.0
2022-12-06,49.69,50.0,50.66,49.02,325270.0
2022-12-07,50.0,51.25,51.68,49.5,436564.0
2022-12-08,51.35,51.75,52.48,50.84,390780.0
2022-12-09,51.96,54.3,54.33,51.81,699406.0
2022-12-12,53.7,54.43,54.97,53.3,466633.0
2022-12-13,54.21,53.95,54.4,53.65,306193.0
2022-12-14,53.45,54.89,55.06,53.45,260850.0
2022-12-15,54.9,53.63,55.8,53.25,278043.0
2022-12-16,53.28,54.0,54.15,52.77,197450.0
2022-12-19,54.0,53.68,54.38,53.28,160764.0
2022-12-20,53.0,51.57,53.09,51.55,272454.0
2022-12-21,51.29,51.68,52.49,51.29,130742.0
2022-12-22,51.94,52.2,53.28,51.77,228123.0
2022-12-23,51.98,52.38,53.15,51.43,163439.0
2022-12-26,52.68,51.5,52.88,51.36,153879.0
2022-12-27,51.79,52.94,53.03,51.41,173391.0
2022-12-28,52.43,52.05,52.75,51.9,163229.0
2022-12-29,51.62,51.73,52.19,51.02,119951.0
2022-12-30,51.8,51.8,52.5,51.7,127733.0
2023-01-03,52.0,51.88,52.23,51.23,163628.0
2023-01-04,51.69,53.75,53.83,51.65,261341.0
2023-01-05,54.0,54.91,54.99,53.95,294217.0
2023-01-06,54.97,54.01,55.16,53.91,195001.0
2023-01-09,54.1,54.11,54.45,53.4,204277.0
2023-01-10,53.99,53.5,54.4,53.43,154340.0
2023-01-11,53.45,54.5,55.18,53.4,214610.0
2023-01-12,54.3,54.77,55.0,54.01,145818.0
2023-01-13,54.87,55.95,56.0,54.5,265803.0
2023-01-16,56.03,57.7,58.36,56.02,330181.0
2023-01-17,57.69,58.0,58.18,57.15,188114.0
2023-01-18,58.0,57.6,58.5,57.37,130358.0
2023-01-19,57.46,57.38,57.55,56.7,194679.0
2023-01-20,57.46,57.08,57.84,56.96,108608.0
2023-01-30,57.44,55.65,58.08,55.59,256196.0
2023-01-31,55.4,55.2,56.15,55.0,232598.0
2023-02-01,55.29,55.5,55.99,54.45,267247.0
2023-02-02,55.45,53.96,55.6,53.62,367678.0
2023-02-03,53.7,53.31,53.95,52.86,208300.0
2023-02-06,52.81,51.25,52.81,51.08,421857.0
2023-02-07,51.36,51.5,51.7,51.1,209009.0
2023-02-08,51.39,51.01,51.5,50.86,191018.0
2023-02-09,50.8,51.53,51.73,50.49,227383.0
2023-02-10,51.35,51.62,51.75,51.29,139889.0
2023-02-13,51.5,52.44,52.58,51.03,306391.0
2023-02-14,52.45,52.21,52.65,51.81,214375.0
2023-02-15,52.2,51.35,52.21,51.18,179488.0
2023-02-16,51.1,51.28,51.75,50.8,216987.0
2023-02-17,51.05,51.38,51.5,51.02,158066.0
2023-02-20,51.5,53.3,53.69,51.11,383136.0
2023-02-21,53.3,53.54,53.8,52.73,256493.0
2023-02-22,53.0,52.78,53.18,52.41,229115.0
2023-02-23,52.79,53.37,53.88,52.79,240107.0
2023-02-24,53.18,52.98,53.39,52.82,169278.0
2023-02-27,52.6,52.4,52.98,51.86,169471.0
2023-02-28,52.02,52.46,53.14,52.02,194045.0
2023-03-01,52.51,54.62,54.99,52.51,432975.0
2023-03-02,54.6,54.85,55.68,54.15,255490.0
2023-03-03,55.25,55.2,55.84,54.66,197415.0
2023-03-06,54.84,53.83,55.0,53.81,259357.0
2023-03-07,53.84,52.86,54.37,52.7,194738.0
2023-03-08,52.65,52.29,52.8,52.07,144948.0
2023-03-09,52.29,52.7,53.25,52.27,130131.0
2023-03-10,52.24,51.15,52.5,51.02,192134.0
2023-03-13,51.01,52.06,52.24,51.0,194837.0
2023-03-14,51.72,51.15,51.91,50.7,165011.0
2023-03-15,51.5,50.46,51.63,50.4,209456.0
2023-03-16,50.08,50.04,50.39,49.65,121820.0
2023-03-17,50.5,50.33,51.18,50.06,201231.0
2023-03-20,50.18,50.44,51.13,50.1,163015.0
2023-03-21,50.55,52.1,52.14,50.55,231466.0
2023-03-22,52.2,51.7,52.27,51.3,135542.0
2023-03-23,51.48,51.82,52.0,51.39,123790.0
2023-03-24,51.82,52.09,52.17,51.64,132776.0
2023-03-27,52.09,51.85,52.46,51.7,127683.0
2023-03-28,51.7,51.09,52.08,51.06,128679.0
2023-03-29,51.38,51.4,51.57,51.1,128030.0
2023-03-30,51.35,54.47,54.8,51.3,571574.0
2023-03-31,54.11,53.81,54.62,53.36,277888.0
2023-04-03,55.0,54.69,55.4,54.2,373915.0
2023-04-04,54.5,54.63,54.72,53.75,179891.0
2023-04-06,54.42,54.02,55.0,53.75,152435.0
2023-04-07,53.91,54.68,55.27,53.91,158641.0
2023-04-10,54.4,54.76,55.06,54.01,156493.0
2023-04-11,54.41,55.84,56.37,54.4,324366.0
2023-04-12,55.84,55.5,56.75,55.4,223025.0
2023-04-13,55.05,54.14,55.29,54.14,182595.0
2023-04-14,54.18,53.94,54.65,53.83,142124.0
2023-04-17,53.91,55.42,55.58,53.89,262280.0
2023-04-18,55.2,56.78,57.4,55.17,387063.0
2023-04-19,56.78,56.08,57.25,56.05,191887.0
2023-04-20,56.18,57.04,58.04,56.18,367949.0
2023-04-21,57.4,56.85,58.6,56.75,398924.0
2023-04-24,56.2,57.03,58.75,56.01,339921.0
2023-04-25,57.0,57.65,58.04,55.65,429621.0
2023-04-26,57.02,56.7,57.35,55.97,239342.0
2023-04-27,56.17,57.26,57.75,56.17,157771.0
2023-04-28,57.25,56.78,57.35,56.21,156906.0
2023-05-04,57.22,56.58,58.45,55.85,268566.0
2023-05-05,56.4,55.33,56.4,54.08,342123.0
2023-05-08,55.33,55.01,55.99,54.47,208722.0
2023-05-09,54.8,54.8,55.56,54.01,181394.0
2023-05-10,54.5,55.4,56.0,53.88,174626.0
2023-05-11,55.55,55.45,56.72,55.34,126225.0
2023-05-12,55.33,55.82,57.49,55.31,165590.0
2023-05-15,55.86,56.59,56.74,55.01,140666.0
2023-05-16,56.59,55.35,57.24,55.11,136126.0
2023-05-17,55.22,55.02,56.4,54.81,90763.0
2023-05-18,55.15,55.0,55.42,54.55,110695.0
2023-05-19,54.66,55.8,56.86,54.66,203843.0
2023-05-22,55.8,56.71,56.95,55.8,151998.0
2023-05-23,56.69,55.95,56.95,55.88,155851.0
2023-05-24,55.82,53.6,55.89,53.5,266742.0
2023-05-25,53.4,54.01,54.49,52.68,171434.0
2023-05-26,54.01,54.26,54.45,53.48,111661.0
2023-05-29,54.27,53.45,54.69,53.08,174334.0
2023-05-30,53.45,52.33,53.66,51.79,320846.0
2023-05-31,52.59,51.33,52.7,51.1,280650.0
2023-06-01,49.02,48.89,49.8,48.53,348935.0
2023-06-02,50.0,51.8,52.1,49.99,499392.0
2023-06-05,52.51,53.94,54.15,51.59,399400.0
2023-06-06,53.94,54.21,55.31,53.05,342618.0
2023-06-07,55.5,55.25,55.77,54.49,369087.0
2023-06-08,55.7,56.89,57.11,55.2,475531.0
2023-06-09,57.5,56.11,57.76,55.77,410652.0
2023-06-12,56.12,57.35,57.82,55.7,396210.0
2023-06-13,57.26,56.61,57.77,56.26,248501.0
2023-06-14,57.23,57.08,57.98,56.62,360007.0
2023-06-15,57.26,58.0,58.58,57.01,312765.0
2023-06-16,58.4,58.35,58.99,57.4,300061.0
2023-06-19,58.0,56.81,58.14,56.7,289110.0
2023-06-20,56.92,57.58,58.92,56.8,243810.0
2023-06-21,58.0,58.28,59.6,57.4,451303.0
2023-06-26,59.83,58.14,59.95,57.8,335581.0
2023-06-27,58.22,59.69,60.15,57.88,481237.0
2023-06-28,59.45,59.7,60.52,59.21,327901.0
2023-06-29,59.72,59.14,59.79,58.22,276783.0
2023-06-30,59.23,58.92,59.82,58.56,264876.0
2023-07-03,58.88,59.06,60.38,58.33,318762.0
2023-07-04,59.28,58.9,59.6,58.12,219446.0
2023-07-05,59.09,59.12,59.33,58.42,187016.0
2023-07-06,59.13,58.37,59.75,58.3,169577.0
2023-07-07,58.04,57.75,58.59,57.2,293796.0
2023-07-10,57.82,56.63,57.93,56.04,320860.0
2023-07-11,56.8,56.66,57.08,56.4,158028.0
2023-07-12,56.9,57.09,58.08,56.4,187815.0
2023-07-13,57.2,57.8,58.32,57.2,169307.0
2023-07-14,57.75,57.46,58.27,57.02,105000.0
2023-07-17,57.2,57.13,57.2,56.3,90425.0
2023-07-18,57.4,56.74,57.4,55.67,239882.0
2023-07-19,56.89,58.13,58.35,56.67,278044.0
2023-07-20,57.9,57.53,58.65,57.44,140516.0
2023-07-21,57.55,57.13,58.08,56.99,120709.0
2023-07-24,57.13,56.77,57.36,56.13,115888.0
2023-07-25,57.86,58.98,59.28,57.8,376481.0
2023-07-26,58.81,58.58,59.54,58.48,187526.0
2023-07-27,58.55,58.48,59.12,58.35,151970.0
2023-07-28,58.7,59.74,59.82,58.11,240041.0
2023-07-31,60.95,59.32,61.3,59.15,325183.0
2023-08-01,59.32,58.25,59.69,58.13,204186.0
2023-08-02,58.1,58.3,58.82,57.77,235436.0
2023-08-03,57.98,57.98,58.2,56.99,233629.0
2023-08-04,58.3,57.92,58.99,57.81,196637.0
2023-08-07,57.79,57.88,58.19,57.34,153707.0
2023-08-08,57.5,57.0,57.55,56.96,136355.0
2023-08-09,57.19,57.56,57.7,57.04,151434.0
2023-08-10,57.21,56.35,57.3,55.5,385305.0
2023-08-11,56.29,55.18,56.45,55.14,255333.0
2023-08-14,54.5,55.44,55.57,54.28,195167.0
2023-08-15,55.31,55.16,55.56,54.6,163704.0
2023-08-16,54.8,55.23,55.36,54.36,153587.0
2023-08-17,54.9,55.84,55.94,54.53,152165.0
2023-08-18,55.78,54.79,55.85,54.63,134638.0
2023-08-21,54.61,54.38,55.36,54.35,131172.0
2023-08-22,54.3,54.37,54.68,53.41,230543.0
2023-08-23,54.12,53.72,54.66,53.6,157983.0
2023-08-24,53.99,55.05,55.45,53.5,255836.0
2023-08-25,54.95,55.26,55.99,54.52,164728.0
2023-08-28,57.3,56.16,57.98,55.78,288004.0
2023-08-29,55.88,56.05,56.49,55.55,217871.0
2023-08-30,56.04,56.82,57.18,55.71,233664.0
2023-08-31,57.3,56.51,57.8,56.48,280838.0
2023-09-01,57.0,57.93,58.5,56.99,266506.0
2023-09-04,58.5,58.22,58.8,57.62,200900.0
2023-09-05,58.26,57.78,58.49,57.61,153090.0
2023-09-06,57.51,57.18,58.0,56.88,208883.0
2023-09-07,57.09,56.57,57.12,56.5,136399.0
2023-09-08,56.74,56.08,56.83,55.81,84002.0
2023-09-11,56.31,56.43,56.88,56.01,140721.0
2023-09-12,56.42,57.21,57.72,56.3,164034.0
2023-09-13,57.1,57.0,57.54,56.7,107434.0
2023-09-14,57.01,56.55,57.26,56.26,102895.0
2023-09-15,56.64,55.79,56.69,55.3,164512.0
2023-09-18,55.8,56.1,56.59,55.21,144278.0
2023-09-19,55.99,56.05,56.15,55.45,123661.0
2023-09-20,56.03,56.89,57.24,55.73,213801.0
2023-09-21,56.88,56.32,56.88,56.02,167691.0
2023-09-22,56.59,57.05,57.11,56.17,221702.0
2023-09-25,56.89,56.63,56.89,56.23,166432.0
2023-09-26,56.76,56.0,57.2,56.0,189349.0
2023-09-27,56.0,56.19,56.66,55.43,188109.0
2023-09-28,56.39,55.48,56.5,55.41,170976.0
2023-10-09,55.46,55.76,56.11,54.9,286595.0
2023-10-10,55.49,54.77,55.77,54.42,214996.0
2023-10-11,54.75,54.77,55.89,54.5,204184.0
2023-10-12,55.0,55.28,55.48,54.61,176042.0
2023-10-13,55.19,54.99,55.44,54.53,129960.0
2023-10-16,54.8,55.08,55.41,54.8,150202.0
2023-10-17,55.08,55.88,55.99,55.05,168302.0
2023-10-18,55.68,55.47,55.89,55.21,106371.0
2023-10-19,55.29,54.23,55.29,54.18,201961.0
2023-10-20,53.94,53.18,54.06,52.88,210898.0
2023-10-23,53.0,53.25,53.63,52.71,168644.0
2023-10-24,53.01,53.18,53.49,52.2,250198.0
2023-10-25,53.79,52.42,54.01,52.14,258565.0
2023-10-26,52.22,52.51,52.72,52.03,151655.0
2023-10-27,52.36,53.74,54.0,52.21,253188.0
2023-10-30,53.33,54.5,54.64,53.33,164885.0
2023-10-31,54.3,52.92,54.3,52.7,238072.0
2023-11-01,52.81,53.01,53.46,52.7,189338.0
2023-11-02,53.0,53.18,54.41,52.81,200855.0
2023-11-03,53.12,52.8,53.35,52.72,177406.0
2023-11-06,53.0,53.14,53.3,52.7,249182.0
2023-11-07,53.1,53.1,53.28,52.58,188982.0
2023-11-08,52.65,52.85,52.99,52.51,213857.0
2023-11-09,52.88,52.45,53.33,52.35,141469.0
2023-11-10,52.3,52.7,52.86,52.25,130271.0
2023-11-13,52.64,51.06,52.64,50.68,382916.0
2023-11-14,51.02,51.09,51.42,50.8,248028.0
2023-11-15,51.44,51.54,51.76,50.95,196363.0
2023-11-16,51.4,51.75,52.19,51.31,216055.0
2023-11-17,51.6,51.86,51.97,51.21,135134.0
2023-11-20,51.54,52.43,52.9,51.54,182191.0
2023-11-21,52.62,52.45,53.19,52.45,158459.0
2023-11-22,52.45,52.15,52.6,51.9,97869.0
2023-11-23,52.15,52.76,52.93,51.85,101034.0
2023-11-24,52.8,52.48,52.85,52.07,157245.0
2023-11-27,52.43,51.97,52.43,51.75,159225.0
2023-11-28,52.2,52.53,52.8,51.53,217876.0
2023-11-29,52.53,52.01,52.58,51.72,124265.0
2023-11-30,51.81,51.67,52.0,51.41,128619.0
2023-12-01,52.3,50.55,52.36,50.33,316050.0
2023-12-04,50.48,50.09,50.79,49.84,220587.0
2023-12-05,50.09,49.22,50.19,49.22,225103.0
2023-12-06,49.06,49.18,49.65,48.75,191141.0
2023-12-07,49.36,50.22,50.49,49.22,250219.0
2023-12-08,50.18,50.34,51.08,50.09,218113.0
2023-12-11,49.85,51.02,51.4,49.22,252015.0
2023-12-12,51.5,51.0,51.55,50.72,172048.0
2023-12-13,50.9,50.69,50.99,50.51,128587.0
2023-12-14,50.91,50.89,51.47,50.58,165634.0
2023-12-15,50.51,50.33,51.1,50.3,204702.0
2023-12-18,50.03,51.09,51.18,49.75,223075.0
2023-12-19,51.08,50.75,51.08,50.46,169545.0
2023-12-20,50.75,51.03,51.4,50.52,254170.0
2023-12-21,51.22,52.02,52.28,50.87,274212.0
2023-12-22,51.91,52.77,52.99,51.7,227281.0
2023-12-25,52.62,52.67,53.25,52.43,113150.0
2023-12-26,52.62,52.8,53.23,52.53,161523.0
2023-12-27,52.78,53.6,53.7,52.72,203069.0
2023-12-28,53.44,54.05,54.16,53.25,247280.0
2023-12-29,54.07,54.63,54.98,53.72,259373.0
2024-01-02,54.63,54.56,55.05,54.2,239057.0
2024-01-03,54.59,54.45,54.8,54.1,206897.0
2024-01-04,54.66,55.25,55.32,54.45,267025.0
2024-01-05,55.2,55.6,56.08,54.85,300429.0
2024-01-08,55.6,55.0,55.6,54.62,278097.0
2024-01-09,54.71,55.17,55.33,54.11,216070.0
2024-01-10,55.17,55.22,55.77,54.84,178208.0
2024-01-11,55.22,55.0,55.49,54.73,212369.0
2024-01-12,54.9,55.0,55.71,54.58,243611.0
2024-01-15,54.84,55.88,55.98,54.66,191241.0
2024-01-16,55.61,56.92,56.95,55.1,337304.0
2024-01-17,56.63,56.37,57.29,56.37,269141.0
2024-01-18,56.79,56.4,56.99,55.08,390231.0
2024-01-19,56.0,56.14,56.6,55.86,299370.0
2024-01-22,55.88,55.34,56.66,55.08,359803.0
2024-01-23,55.52,56.38,56.69,54.8,288485.0
2024-01-24,56.15,57.19,57.44,56.02,264637.0
2024-01-25,57.3,56.35,57.49,56.24,249636.0
2024-01-26,56.35,57.51,57.75,56.35,327457.0
2024-01-29,57.9,58.69,59.48,57.69,374987.0
2024-01-30,58.7,58.22,59.2,58.0,273733.0
2024-01-31,57.91,58.25,58.94,57.42,255442.0
2024-02-01,58.23,58.81,59.46,58.0,303402.0
2024-02-02,58.5,58.25,58.88,57.31,289505.0
2024-02-05,58.0,59.45,59.6,57.82,461603.0
2024-02-06,59.26,59.95,60.79,59.02,379464.0
2024-02-07,59.29,61.11,61.17,59.03,461959.0
2024-02-08,61.29,60.29,62.36,59.98,347232.0
2024-02-19,61.7,60.6,61.7,59.81,356959.0
2024-02-20,60.3,61.7,61.79,59.67,296309.0
2024-02-21,61.0,61.71,62.55,60.68,277972.0
2024-02-22,61.21,61.35,61.79,61.03,192591.0
2024-02-23,61.68,59.62,62.1,59.32,430936.0
2024-02-26,59.85,60.3,61.5,59.85,340977.0
2024-02-27,60.59,61.92,61.99,60.1,280148.0
2024-02-28,62.0,61.82,62.31,60.95,253674.0
2024-02-29,62.0,62.63,63.48,61.75,489210.0
2024-03-01,63.5,64.47,64.51,62.88,328449.0
2024-03-04,65.0,64.6,66.0,63.5,373844.0
2024-03-05,64.65,65.04,65.4,63.45,355253.0
2024-03-06,64.9,64.51,65.53,64.3,219230.0
2024-03-07,64.45,65.8,66.65,64.2,306340.0
2024-03-08,65.87,66.1,66.49,64.88,261254.0
2024-03-11,66.09,65.42,66.1,64.56,280270.0
2024-03-12,65.35,64.13,65.35,63.05,507399.0
2024-03-13,63.66,64.07,64.33,63.0,327232.0
2024-03-14,63.86,64.5,64.75,63.6,315317.0
2024-03-15,64.39,64.02,64.5,63.3,254639.0
2024-03-18,63.88,62.36,63.89,62.35,425011.0
2024-03-19,62.2,62.6,63.12,62.17,297946.0
2024-03-20,62.2,61.88,62.5,61.4,377909.0
2024-03-21,61.91,60.55,62.04,60.13,391892.0
2024-03-22,60.56,62.62,62.65,60.5,431568.0
2024-03-25,62.19,62.9,63.66,61.78,269033.0
2024-03-26,62.31,62.72,63.25,62.31,253537.0
2024-03-27,62.53,63.67,64.88,62.51,348428.0
2024-03-28,64.23,64.58,65.39,63.18,451854.0
2024-03-29,64.58,64.22,65.73,63.66,254689.0
2024-04-01,64.5,66.22,66.28,64.1,327712.0
2024-04-02,66.0,66.25,66.53,65.75,226536.0
2024-04-03,66.2,66.73,66.9,65.98,206265.0
2024-04-08,66.72,65.32,66.85,64.67,324345.0
2024-04-09,65.0,65.04,65.6,64.82,194783.0
2024-04-10,64.87,65.17,66.2,64.56,180820.0
2024-04-11,64.95,65.07,65.95,64.61,190048.0
2024-04-12,64.99,64.89,65.6,64.58,217344.0
2024-04-15,64.89,66.84,67.0,64.71,317837.0
2024-04-16,66.78,68.31,68.77,66.57,391914.0
2024-04-17,68.0,68.58,68.8,66.98,245496.0
2024-04-18,68.58,70.0,71.33,68.38,395421.0
2024-04-19,69.43,70.0,70.58,69.43,288123.0
2024-04-22,70.2,69.98,71.19,69.5,289438.0
2024-04-23,69.83,68.39,70.0,67.59,382179.0
2024-04-24,68.34,67.9,68.64,66.75,307830.0
2024-04-25,67.13,68.24,68.56,67.13,220333.0
2024-04-26,68.25,68.37,68.65,67.42,242257.0
2024-04-29,68.3,68.2,68.88,67.23,332264.0
2024-04-30,66.84,69.78,71.15,66.8,571318.0
2024-05-06,70.5,71.01,71.46,69.65,461799.0
2024-05-07,70.81,71.1,72.33,70.62,304315.0
2024-05-08,70.5,70.75,71.34,70.39,176620.0
2024-05-09,71.0,71.85,72.34,70.62,285718.0
2024-05-10,72.2,71.88,72.33,71.34,224879.0
2024-05-13,71.88,72.71,72.99,70.7,271674.0
2024-05-14,72.68,70.84,72.89,70.2,399236.0
2024-05-15,68.5,69.76,70.1,68.11,301895.0
2024-05-16,69.76,69.34,69.8,68.8,246004.0
2024-05-17,68.78,68.03,69.5,66.52,418483.0
2024-05-20,67.01,66.57,67.88,66.21,426430.0
2024-05-21,66.27,66.55,67.3,66.2,243588.0
2024-05-22,66.34,65.41,66.54,65.31,261052.0
2024-05-23,65.4,65.74,66.19,65.0,240961.0
2024-05-24,65.4,66.62,66.98,65.1,259270.0
2024-05-27,66.5,67.59,68.28,65.54,305462.0
2024-05-28,67.6,67.03,67.78,66.5,191737.0
2024-05-29,66.6,65.85,67.2,65.5,241321.0
2024-05-30,65.71,65.18,66.19,65.14,193586.0
2024-05-31,65.19,64.76,65.57,64.55,261294.0
2024-06-03,64.88,65.02,66.3,64.27,357556.0
2024-06-04,64.99,64.68,64.99,63.4,306212.0
2024-06-05,64.55,63.92,65.2,63.8,283319.0
2024-06-06,63.8,65.76,66.03,63.8,436037.0
2024-06-07,65.2,65.16,65.45,63.71,400646.0
2024-06-11,64.5,65.0,66.5,64.18,336897.0
2024-06-12,64.84,65.16,65.74,64.53,257072.0
2024-06-13,65.31,63.92,65.45,63.66,274850.0
2024-06-14,63.51,65.61,65.76,63.5,379244.0
2024-06-17,65.76,64.53,65.76,64.18,253358.0
2024-06-18,64.3,64.84,65.19,63.67,218675.0
2024-06-19,64.77,64.0,65.08,62.8,347000.0
2024-06-20,63.9,64.47,64.75,63.54,280858.0
2024-06-21,64.49,63.95,64.75,63.5,241537.0
2024-06-24,63.71,64.88,65.55,63.61,307991.0
2024-06-25,64.85,65.29,65.79,64.52,253092.0
2024-06-26,65.01,64.25,65.39,63.91,238314.0
2024-06-27,64.05,64.1,64.48,63.47,274095.0
2024-06-28,63.5,64.5,64.79,63.48,251956.0
2024-07-01,64.29,64.09,65.38,63.6,195283.0
2024-07-02,63.7,63.0,64.2,62.8,291813.0
2024-07-03,63.05,63.03,63.68,62.74,181208.0
2024-07-04,63.2,64.6,65.2,63.2,277531.0
2024-07-05,64.5,64.0,65.15,63.0,264796.0
2024-07-08,63.6,64.23,64.72,63.17,194436.0
2024-07-09,63.81,64.1,64.67,63.62,216645.0
2024-07-10,64.54,63.81,65.06,63.81,158469.0
2024-07-11,63.85,63.9,64.45,62.52,271827.0
2024-07-12,63.79,65.0,65.2,63.64,245741.0
2024-07-15,64.78,64.94,65.16,64.36,170459.0
2024-07-16,64.63,64.27,64.96,63.75,204068.0
2024-07-17,64.04,62.83,64.38,61.66,464628.0
2024-07-18,62.01,63.9,64.46,62.01,345325.0
2024-07-19,63.36,63.6,63.78,62.89,217970.0
2024-07-22,63.45,63.63,64.64,63.32,199303.0
2024-07-23,63.63,62.38,63.79,62.38,185378.0
2024-07-24,62.01,60.08,62.72,59.64,455473.0
2024-07-25,59.52,59.4,60.09,58.9,301092.0
2024-07-26,62.83,62.84,62.99,61.4,577402.0
2024-07-29,62.3,62.88,63.21,62.16,207128.0
2024-07-30,62.51,61.06,62.77,60.6,225758.0
2024-07-31,60.73,63.76,63.86,60.73,401747.0
2024-08-01,63.8,63.58,64.67,63.41,244068.0
2024-08-02,63.3,62.99,64.28,62.57,202615.0
2024-08-05,62.54,61.65,64.3,61.56,354768.0
2024-08-06,61.61,59.92,62.26,59.52,384932.0
2024-08-07,59.92,60.7,61.38,59.24,252986.0
2024-08-08,60.42,60.96,61.48,60.21,142319.0
2024-08-09,60.85,60.5,61.7,60.33,138024.0
2024-08-12,60.5,61.38,62.14,60.31,169492.0
2024-08-13,61.38,61.36,62.11,60.92,98351.0
2024-08-14,61.36,60.9,61.49,60.6,112278.0
2024-08-15,60.7,61.0,61.35,60.29,191633.0
2024-08-16,60.81,61.74,61.9,60.67,180670.0
2024-08-19,61.69,62.36,63.15,61.67,172753.0
2024-08-20,63.48,63.02,63.49,61.76,257810.0
2024-08-21,62.71,63.16,63.7,62.33,211871.0
2024-08-22,63.13,64.09,64.49,62.72,249787.0
2024-08-23,64.0,65.46,65.96,63.88,290471.0
2024-08-26,65.94,66.32,66.65,64.9,339582.0
2024-08-27,66.0,65.99,66.48,65.49,241138.0
2024-08-28,65.98,64.93,66.15,64.57,265430.0
2024-08-29,64.42,63.95,65.31,63.95,232856.0
2024-08-30,63.48,64.75,65.81,63.38,333863.0
2024-09-02,64.5,65.23,66.52,64.44,260759.0
2024-09-03,65.01,65.97,66.48,65.0,242379.0
2024-09-04,65.86,65.48,66.7,65.36,274996.0
2024-09-05,64.95,63.59,65.4,63.48,432123.0
2024-09-06,63.6,63.02,64.55,62.9,233202.0
2024-09-09,61.35,61.09,62.2,60.68,548406.0
2024-09-10,60.48,60.75,61.64,60.48,401110.0
2024-09-11,60.52,61.66,62.08,59.7,419218.0
2024-09-12,61.8,62.37,62.85,61.66,276169.0
2024-09-13,62.05,63.51,63.78,61.59,321490.0
2024-09-18,63.62,65.25,65.71,63.4,295026.0
2024-09-19,62.3,65.28,65.73,62.3,476115.0
2024-09-20,64.91,66.06,66.3,64.76,398013.0
2024-09-23,66.46,67.6,67.89,66.2,391621.0
2024-09-24,67.6,68.04,68.25,66.2,500902.0
2024-09-25,68.21,70.11,71.5,68.21,627661.0
2024-09-26,70.0,73.56,73.68,69.79,501342.0
2024-09-27,74.75,73.0,76.4,71.15,857448.0
2024-09-30,73.16,76.06,76.9,72.03,1251665.0
2024-10-08,83.67,80.19,83.67,78.73,1352393.0
2024-10-09,78.4,75.01,79.32,74.02,895501.0
2024-10-10,75.95,78.3,79.38,75.87,673034.0
2024-10-11,78.0,76.77,78.23,75.9,380602.0
2024-10-14,77.03,79.0,79.29,76.6,462828.0
2024-10-15,79.0,76.0,79.0,76.0,375833.0
2024-10-16,74.7,75.24,75.5,73.73,342829.0
2024-10-17,75.24,73.08,75.53,72.9,394376.0
2024-10-18,73.08,75.01,76.2,72.65,427851.0
2024-10-21,75.35,74.08,75.98,73.28,343229.0
2024-10-22,74.35,76.5,76.96,74.14,404060.0
2024-10-23,76.6,76.38,77.78,76.0,268313.0
2024-10-24,76.11,75.64,76.46,75.3,171087.0
2024-10-25,75.42,75.27,75.86,74.77,210573.0
2024-10-28,75.49,74.87,75.58,74.01,280591.0
2024-10-29,74.61,74.07,75.5,73.8,297272.0
2024-10-30,73.7,72.75,74.35,72.12,404137.0
2024-10-31,72.97,71.42,73.69,71.1,500469.0
2024-11-01,71.44,72.25,73.0,70.38,416515.0
2024-11-04,72.14,72.84,73.37,71.7,232316.0
2024-11-05,72.5,73.13,73.48,71.21,416967.0
2024-11-06,73.14,71.17,73.14,70.97,525931.0
2024-11-07,70.35,72.1,72.1,69.89,547746.0
2024-11-08,72.66,72.58,73.76,71.1,593374.0
2024-11-11,71.23,71.6,71.84,70.82,442079.0
2024-11-12,71.91,72.39,74.89,71.79,575477.0
2024-11-13,72.48,73.4,74.3,72.46,458417.0
2024-11-14,73.48,73.64,74.89,72.33,408435.0
2024-11-15,73.15,72.25,74.11,71.85,342825.0
2024-11-18,72.17,71.05,72.98,70.83,319386.0
2024-11-19,71.05,71.31,71.75,70.7,226652.0
2024-11-20,71.38,71.43,71.65,70.74,226371.0
2024-11-21,71.37,70.84,71.39,70.55,216528.0
2024-11-22,70.83,70.39,72.82,70.22,388458.0
2024-11-25,70.11,70.39,72.38,70.11,385868.0
2024-11-26,70.11,70.6,71.2,69.35,274188.0
2024-11-27,70.32,71.32,71.5,69.74,264825.0
2024-11-28,72.0,70.19,72.0,69.76,323290.0
2024-11-29,69.68,70.13,70.77,69.55,277501.0
2024-12-02,70.15,70.08,70.53,69.23,357906.0
2024-12-03,70.0,69.85,70.0,69.4,313174.0
2024-12-04,69.88,71.49,71.99,69.6,531955.0
2024-12-05,71.6,71.72,72.88,71.42,367645.0
2024-12-06,71.78,72.85,73.13,71.51,456778.0
2024-12-09,72.01,73.13,73.88,71.31,413219.0
2024-12-10,76.51,73.84,76.66,73.79,555133.0
2024-12-11,73.7,75.1,75.33,73.6,335434.0
2024-12-12,75.2,75.56,75.75,74.37,286398.0
2024-12-13,75.2,74.0,75.23,73.33,370633.0
2024-12-16,74.1,73.22,74.45,72.65,280471.0
2024-12-17,73.2,73.67,74.68,72.81,278873.0
2024-12-18,73.66,74.1,74.58,73.58,225785.0
2024-12-19,73.86,74.44,75.23,73.24,253553.0
2024-12-20,74.43,74.0,74.79,73.66,209397.0
2024-12-23,74.0,74.61,75.25,73.95,226029.0
2024-12-24,74.4,76.25,76.38,74.4,344141.0
2024-12-25,76.3,75.54,76.6,75.04,227339.0
2024-12-26,75.26,75.98,76.24,74.65,242143.0
2024-12-27,75.98,75.42,76.05,74.8,198421.0
2024-12-30,75.0,75.32,76.18,74.92,221827.0
2024-12-31,75.1,75.22,76.05,74.69,307660.0
2025-01-02,75.4,75.32,77.2,75.0,413671.0
2025-01-03,75.0,74.69,76.06,73.9,296422.0
2025-01-06,74.68,75.38,76.28,74.28,306810.0
2025-01-07,75.0,75.93,76.76,74.5,251785.0
2025-01-08,75.51,77.58,77.66,75.43,406930.0
2025-01-09,77.7,78.73,79.0,77.2,345987.0
2025-01-10,78.73,76.37,78.89,76.37,271096.0
2025-01-13,75.61,74.3,76.02,73.93,255846.0
2025-01-14,74.3,74.62,75.35,73.43,288584.0
2025-01-15,74.64,73.82,75.77,73.6,256635.0
2025-01-16,73.99,74.09,75.45,73.9,262330.0
2025-01-17,74.08,74.35,74.87,73.63,159288.0
2025-01-20,75.1,74.89,76.74,74.88,296993.0
2025-01-21,75.26,74.4,75.29,74.22,162863.0
2025-01-22,74.38,73.0,74.38,72.28,322180.0
2025-01-23,73.4,73.41,73.92,72.4,270087.0
2025-01-24,73.01,72.82,73.64,72.55,304861.0
2025-01-27,72.86,73.88,74.3,72.62,280115.0
2025-02-05,73.4,72.21,73.69,71.68,363511.0
2025-02-06,72.18,72.27,72.56,71.43,285675.0
2025-02-07,72.4,73.44,73.44,71.67,355350.0
2025-02-10,73.32,73.01,73.33,72.5,318650.0
2025-02-11,73.44,73.7,73.86,72.61,300440.0
2025-02-12,73.46,73.28,73.59,72.68,228073.0
2025-02-13,73.0,72.14,73.39,72.13,410664.0
2025-02-14,72.12,72.49,72.69,71.9,234351.0
2025-02-17,72.25,72.04,72.47,71.25,402358.0
2025-02-18,71.99,71.9,72.65,71.53,293465.0
2025-02-19,71.3,71.45,71.97,71.0,337150.0
2025-02-20,71.41,71.23,71.71,71.06,314202.0
2025-02-21,71.02,70.59,71.23,70.2,553390.0
2025-02-24,70.65,70.89,71.5,70.28,469377.0
2025-02-25,70.5,69.03,70.67,68.98,565999.0
2025-02-26,68.71,70.12,70.16,68.7,404124.0
2025-02-27,71.0,72.48,72.71,70.63,652482.0
2025-02-28,72.75,73.05,73.5,72.1,506479.0
2025-03-03,72.7,71.0,72.99,70.85,405918.0
2025-03-04,71.28,71.97,72.47,71.28,300420.0
2025-03-05,71.9,71.75,72.15,71.2,286186.0
2025-03-06,71.91,71.14,71.97,70.42,402399.0
2025-03-07,71.12,70.79,71.24,70.26,314827.0
2025-03-10,70.81,71.07,71.26,70.51,273440.0
2025-03-11,70.5,70.93,71.44,70.3,252825.0
2025-03-12,70.98,70.1,70.98,70.1,301301.0
2025-03-13,70.01,70.01,70.65,69.81,252622.0
2025-03-14,70.03,71.87,72.1,69.82,425450.0
2025-03-17,72.52,71.88,72.52,71.6,347333.0
2025-03-18,72.0,74.98,76.1,71.61,779314.0
2025-03-19,77.23,76.51,77.94,75.03,1066261.0
2025-03-20,76.4,75.17,76.85,75.1,585693.0
2025-03-21,74.77,75.28,76.43,74.77,384528.0
2025-03-24,74.88,76.06,76.5,74.82,387348.0
2025-03-25,76.81,76.86,77.5,76.37,324186.0
2025-03-26,76.47,76.79,77.4,75.87,237069.0
2025-03-27,76.79,76.5,77.5,76.32,257215.0
2025-03-28,76.21,76.87,77.18,75.68,249114.0
2025-03-31,76.9,78.5,80.5,76.9,689684.0
2025-04-01,78.1,75.39,78.78,75.2,551817.0
2025-04-02,75.35,75.96,76.79,75.19,268536.0
2025-04-03,74.6,73.36,74.83,73.15,565989.0
2025-04-07,68.22,67.18,69.47,66.02,880897.0
2025-04-08,68.0,70.23,70.5,67.79,744733.0
2025-04-09,69.19,69.67,70.5,68.42,578840.0
2025-04-10,70.6,71.09,71.59,70.13,450849.0
2025-04-11,70.52,70.49,70.74,69.63,295626.0
2025-04-14,70.72,69.92,70.9,69.71,348835.0
2025-04-15,70.1,71.48,71.83,69.69,343667.0
2025-04-16,71.19,71.0,71.48,70.37,266729.0
2025-04-17,70.74,70.95,71.17,70.34,195913.0
2025-04-18,70.95,70.92,71.33,70.47,154484.0
2025-04-21,70.78,71.39,71.61,70.5,177514.0
2025-04-22,71.3,71.72,72.23,71.21,226155.0
2025-04-23,72.1,71.85,72.42,71.8,225869.0
2025-04-24,72.4,72.95,73.19,71.96,231808.0
2025-04-25,72.95,72.75,73.0,72.38,170972.0
2025-04-28,73.39,73.23,73.58,72.8,239660.0
2025-04-29,73.26,74.2,74.37,72.86,234974.0
2025-04-30,75.0,73.62,75.12,73.45,478100.0
2025-05-06,74.23,74.05,74.38,73.1,346412.0
2025-05-07,74.77,74.36,75.18,74.0,300281.0
2025-05-08,74.35,75.0,75.64,73.88,277076.0
2025-05-09,74.99,75.8,76.03,74.71,245639.0
2025-05-12,76.1,76.58,76.74,75.9,272239.0
2025-05-13,77.0,77.11,77.2,76.44,255278.0
2025-05-14,76.9,77.09,77.55,76.13,292496.0
2025-05-15,76.66,76.5,77.07,76.32,204902.0
2025-05-16,76.21,76.6,76.84,75.57,238660.0
2025-05-19,76.44,77.58,77.72,76.29,263086.0
2025-05-20,77.53,78.67,79.1,77.48,277995.0
2025-05-21,78.5,78.8,79.44,78.47,205438.0
2025-05-22,78.73,79.36,79.56,78.31,234034.0
2025-05-23,79.36,78.89,80.48,78.72,299746.0
2025-05-26,78.72,78.27,79.19,77.61,241689.0
2025-05-27,78.2,78.48,78.89,78.02,206449.0
2025-05-28,78.98,79.32,80.1,78.7,240449.0
2025-05-29,79.07,78.98,79.49,78.36,251677.0
2025-05-30,78.74,79.06,79.51,78.3,215733.0
2025-06-03,79.05,75.91,79.05,75.67,561908.0
2025-06-04,75.78,75.56,76.58,75.5,367554.0
2025-06-05,75.44,75.25,75.9,75.05,235803.0
2025-06-06,75.37,75.7,75.83,75.1,275559.0
2025-06-09,75.25,75.4,75.58,74.07,466956.0
2025-06-10,75.63,75.05,76.5,75.05,321074.0
2025-06-11,75.2,75.49,75.8,74.83,263083.0
2025-06-12,72.51,72.2,72.68,71.53,347029.0
2025-06-13,71.6,71.48,72.16,71.0,300452.0
2025-06-16,71.6,71.26,71.8,70.85,250205.0
2025-06-17,71.8,72.06,73.08,71.8,326395.0
2025-06-18,72.19,72.1,72.64,72.02,175288.0
2025-06-19,72.2,71.33,72.41,71.13,211253.0
2025-06-20,71.35,72.38,72.38,71.26,229864.0
2025-06-23,72.0,71.72,72.33,71.46,210545.0
2025-06-24,72.1,72.8,73.34,72.0,270501.0
2025-06-25,72.8,73.18,73.33,72.3,243275.0
2025-06-26,73.0,73.1,73.59,72.75,226726.0
2025-06-27,73.06,72.28,73.19,72.22,223640.0
2025-06-30,72.25,72.2,72.58,71.98,193023.0
2025-07-01,72.28,72.11,72.35,71.8,186252.0
2025-07-02,72.11,72.5,73.1,71.81,266155.0
2025-07-03,72.79,72.89,72.95,72.34,179369.0
2025-07-04,72.88,73.48,73.84,72.6,211462.0
2025-07-07,73.2,72.55,73.45,72.33,215453.0
2025-07-08,72.55,72.22,72.7,72.07,256867.0
2025-07-09,72.07,71.8,72.35,71.8,272053.0
2025-07-10,71.84,71.68,71.97,71.33,231514.0
2025-07-11,71.74,72.48,72.8,71.69,320554.0
2025-07-14,72.47,73.1,73.21,71.98,233739.0
2025-07-15,73.11,73.21,73.5,72.81,249010.0
2025-07-16,73.47,72.89,74.09,72.8,206888.0
2025-07-17,72.75,72.63,73.43,72.6,247300.0
2025-07-18,72.87,72.83,73.28,72.52,219512.0
2025-07-21,72.61,72.55,72.96,72.4,308971.0
2025-07-22,72.58,73.19,73.22,72.26,357204.0
2025-07-23,73.2,73.5,73.85,73.18,369872.0
2025-07-24,73.7,73.51,73.95,73.09,290699.0
2025-07-25,73.4,72.76,73.4,72.55,244562.0
2025-07-28,72.82,71.94,72.92,71.8,377736.0
2025-07-29,71.94,71.24,72.07,71.02,398369.0
2025-07-30,71.49,72.11,72.74,71.2,411325.0
2025-07-31,72.0,70.19,72.02,69.88,694777.0
2025-08-01,70.2,70.79,70.97,70.1,286447.0
2025-08-04,70.55,70.94,71.0,70.2,197766.0
2025-08-05,71.11,71.38,71.51,70.68,191748.0
2025-08-06,71.38,71.7,71.78,70.99,221358.0
2025-08-07,71.51,71.48,71.93,71.21,203616.0
2025-08-08,71.4,71.58,71.83,71.29,201184.0
2025-08-11,71.3,71.76,71.82,71.19,179124.0
2025-08-12,71.75,71.93,72.44,71.6,240476.0
2025-08-13,71.98,71.82,72.29,71.6,253847.0
2025-08-14,71.8,72.33,73.05,71.72,455149.0
2025-08-15,72.33,72.3,72.4,71.81,274700.0
2025-08-18,72.31,71.84,72.56,71.61,542998.0
2025-08-19,73.2,72.68,73.63,72.2,537603.0
2025-08-20,72.21,72.22,72.32,71.51,403770.0
2025-08-21,72.09,71.92,72.5,71.66,338014.0
2025-08-22,71.97,72.09,72.19,71.65,391389.0
2025-08-25,72.12,73.52,73.85,72.12,700234.0
2025-08-26,73.52,73.8,74.28,73.31,462938.0
2025-08-27,73.89,72.71,74.55,72.69,488419.0
2025-08-28,72.71,73.5,73.97,72.51,432987.0
2025-08-29,73.5,73.71,74.84,73.39,567669.0
2025-09-01,75.0,74.03,75.84,73.52,776259.0
2025-09-02,74.21,76.16,76.4,73.99,805909.0
2025-09-03,76.55,75.62,77.14,74.95,504881.0
2025-09-04,75.98,75.59,76.0,74.42,443539.0
2025-09-05,75.81,76.22,76.69,75.44,464252.0
2025-09-08,76.67,77.03,78.08,76.5,550294.0
2025-09-09,77.02,77.18,77.6,76.35,383150.0
2025-09-10,77.0,77.02,77.27,76.4,271542.0
2025-09-11,76.9,77.02,77.27,75.9,459605.0
2025-09-12,76.95,75.57,77.69,75.41,591171.0
2025-09-15,75.2,75.17,75.95,74.5,480680.0
2025-09-16,75.13,74.46,75.2,74.05,456028.0
2025-09-17,74.41,74.35,75.43,74.17,577227.0
2025-09-18,74.6,73.74,75.35,73.19,600840.0
2025-09-19,73.41,74.35,74.59,73.21,388478.0
2025-09-22,74.81,73.26,74.9,72.9,479740.0
2025-09-23,73.25,73.53,73.65,72.72,421477.0
2025-09-24,73.51,74.1,74.35,72.95,306285.0
2025-09-25,73.3,72.84,73.75,72.55,478607.0
2025-09-26,73.04,74.2,74.7,72.89,476983.0
2025-09-29,74.43,73.73,74.55,73.05,465939.0
2025-09-30,73.7,72.66,73.71,72.55,506108.0
2025-10-09,72.35,72.63,72.97,71.38,615939.0
2025-10-10,72.45,72.83,73.73,72.1,433305.0
2025-10-13,71.38,71.81,72.11,71.02,481605.0
2025-10-14,72.0,72.6,73.15,71.69,519095.0
2025-10-15,72.8,72.92,73.49,72.6,376333.0
2025-10-16,73.2,73.18,73.69,72.52,346780.0
2025-10-17,72.7,72.8,73.59,72.64,276491.0
2025-10-20,73.09,72.87,73.4,72.39,297557.0
2025-10-21,72.9,72.91,73.26,72.58,283947.0
2025-10-22,72.8,73.88,73.99,72.61,393298.0
2025-10-23,73.8,74.89,74.95,73.68,347633.0
2025-10-24,74.89,74.61,75.0,74.46,244838.0
2025-10-27,74.74,74.88,75.35,74.37,340553.0
2025-10-28,74.61,74.41,74.92,74.13,233658.0
2025-10-29,74.25,74.4,74.42,73.5,273587.0
2025-10-30,74.5,75.3,76.1,74.5,499653.0
2025-10-31,75.2,76.4,76.83,75.1,509742.0
2025-11-03,76.39,75.39,76.95,75.18,281970.0
2025-11-04,75.12,75.16,75.79,74.9,302606.0
2025-11-05,75.0,75.94,76.39,74.3,266151.0
2025-11-06,75.94,77.03,77.43,75.94,355111.0
2025-11-07,77.27,76.2,77.27,76.11,264420.0
2025-11-10,76.26,77.33,77.55,75.95,391008.0
2025-11-11,77.33,77.23,77.39,76.68,227708.0
2025-11-12,77.23,79.49,80.55,77.23,737847.0
2025-11-13,79.2,79.6,80.0,78.69,333370.0
2025-11-14,79.5,79.23,80.42,79.05,273127.0
2025-11-17,79.23,78.42,79.39,77.91,261095.0
2025-11-18,78.29,77.4,78.66,77.0,235904.0
2025-11-19,77.38,77.4,78.09,77.02,214415.0
2025-11-20,77.5,77.94,78.88,77.03,261929.0
2025-11-21,77.1,78.75,79.29,77.1,439495.0
2025-11-24,78.6,78.56,79.48,78.25,367739.0
2025-11-25,78.99,78.7,79.0,77.61,291012.0
2025-11-26,78.69,79.8,80.0,78.41,320728.0
2025-11-27,79.6,79.8,80.73,78.95,316461.0
2025-11-28,79.8,79.86,80.07,79.33,181267.0
2025-12-01,79.8,80.0,80.2,79.17,303520.0
2025-12-02,80.1,81.56,81.66,80.01,378049.0
2025-12-03,81.55,82.17,82.88,81.26,368660.0
2025-12-04,82.13,81.89,83.17,81.77,289180.0
2025-12-05,81.89,82.23,82.59,81.7,246165.0
2025-12-08,83.0,81.81,83.1,81.04,273365.0
2025-12-09,81.5,80.2,81.56,79.94,356479.0
2025-12-10,79.98,80.07,80.62,79.7,245720.0
2025-12-11,80.12,79.3,80.56,79.18,272945.0
2025-12-12,79.35,79.32,79.98,79.2,328959.0
2025-12-15,79.69,80.41,81.1,79.45,365547.0
2025-12-16,80.25,79.96,80.85,79.84,214231.0
2025-12-17,79.71,80.47,80.92,79.38,230282.0
2025-12-18,80.27,79.83,80.61,79.51,214098.0
2025-12-19,79.85,79.45,79.9,78.8,278018.0
2025-12-22,79.3,79.16,79.79,78.9,245037.0
2025-12-23,79.38,79.65,80.31,79.02,254680.0
2025-12-24,79.43,78.8,79.94,78.76,217047.0
2025-12-25,78.52,78.59,78.88,78.18,226758.0
2025-12-26,78.59,78.87,79.07,78.55,214107.0
2025-12-29,78.79,78.41,79.72,78.25,256974.0
2025-12-30,78.16,78.85,79.38,78.12,213622.0
2025-12-31,78.87,78.15,80.28,77.85,287758.0
2026-01-05,80.04,78.68,80.5,78.25,442947.0
2026-01-06,78.58,78.84,79.49,77.39,454525.0
2026-01-07,78.99,79.37,79.58,78.06,401968.0
2026-01-08,79.37,79.03,79.48,78.31,312537.0
2026-01-09,79.6,79.77,79.95,79.3,341081.0
2026-01-12,79.78,78.62,79.79,77.81,525014.0
2026-01-13,77.9,76.2,78.0,76.1,945712.0
2026-01-14,76.2,77.15,77.63,75.91,539684.0
2026-01-15,77.46,77.22,78.05,76.89,360314.0
2026-01-16,77.25,77.31,77.85,77.15,371869.0
2026-01-19,77.37,77.62,78.14,77.05,336374.0
2026-01-20,77.66,79.0,79.37,77.2,455358.0
2026-01-21,78.96,77.78,78.96,77.55,368086.0
2026-01-22,78.25,77.49,78.26,77.37,344041.0
2026-01-23,77.57,76.78,77.79,76.71,373707.0
2026-01-26,76.8,76.35,77.87,76.02,473132.0
2026-01-27,76.4,76.1,77.1,75.92,325807.0
2026-01-28,76.09,75.34,76.36,75.0,628937.0
2026-01-29,75.7,77.88,78.08,75.47,622441.0
2026-01-30,77.6,77.59,79.0,77.4,532508.0
2026-02-02,77.6,77.85,78.48,77.0,345916.0
2026-02-03,77.8,77.91,78.89,77.43,345037.0
2026-02-04,78.1,79.81,79.88,78.01,389103.0
2026-02-05,79.83,80.45,81.16,79.63,429198.0
2026-02-06,80.43,79.54,80.8,79.4,312566.0
2026-02-09,79.18,79.16,79.34,78.41,334670.0
2026-02-10,79.21,80.19,80.28,78.88,306184.0
2026-02-11,80.0,79.69,80.21,79.6,198066.0
2026-02-12,79.46,79.8,80.06,79.3,188784.0
2026-02-13,79.51,79.05,80.0,78.91,255102.0
2026-02-24,80.2,79.52,80.6,79.52,252514.0
2026-02-25,80.28,79.7,80.77,79.29,285524.0
2026-02-26,80.15,79.25,80.2,78.75,253271.0
2026-02-27,79.03,78.64,79.5,78.5,201604.0
2026-03-02,78.0,77.45,78.06,76.7,274786.0
2026-03-03,77.46,76.56,77.64,76.5,288000.0
2026-03-04,76.0,76.16,76.52,75.37,284934.0
2026-03-05,76.6,76.27,76.99,76.12,196872.0
2026-03-06,76.22,76.52,76.72,75.76,206629.0
2026-03-09,75.73,75.41,76.1,75.02,259478.0
2026-03-10,75.75,76.6,76.84,75.75,209086.0
2026-03-11,76.6,77.39,77.72,76.1,251358.0
2026-03-12,77.3,77.4,77.75,76.93,193305.0
2026-03-13,76.95,76.86,77.46,76.65,187293.0
2026-03-16,76.52,76.64,76.88,75.68,205600.0
2026-03-17,76.98,76.6,77.6,76.6,214075.0
2026-03-18,76.74,77.06,77.3,76.3,200716.0
2026-03-19,76.43,76.0,76.98,75.93,232729.0
2026-03-20,75.92,75.12,76.15,75.12,219126.0
2026-03-23,73.95,73.37,73.97,72.35,462008.0
2026-03-24,73.73,74.23,74.42,72.8,267147.0
2026-03-25,74.5,74.8,74.97,73.95,184964.0
2026-03-26,74.89,74.32,75.54,74.18,177085.0
2026-03-27,72.9,74.78,74.95,72.8,319125.0
2026-03-30,73.35,72.1,74.0,71.77,456227.0
2026-03-31,75.05,76.35,77.32,74.31,694915.0
2026-04-01,76.5,76.84,77.4,76.34,273616.0
2026-04-02,76.85,77.37,77.84,76.58,326318.0
2026-04-03,77.3,76.35,77.35,76.2,172773.0
2026-04-07,76.35,76.12,76.7,75.62,163826.0
2026-04-08,76.95,76.73,77.25,76.35,286804.0
2026-04-09,76.4,76.52,77.02,75.9,235024.0
2026-04-10,76.52,76.41,76.74,76.06,258373.0
2026-04-13,76.03,75.78,76.47,75.58,182375.0
2026-04-14,76.06,76.55,76.55,75.5,195782.0
2026-04-15,76.55,77.49,77.88,76.2,318451.0
2026-04-16,77.77,77.9,78.44,77.4,238078.0
2026-04-17,78.18,78.65,79.25,77.84,277352.0
2026-04-20,78.4,79.58,79.9,78.05,276700.0
2026-04-21,79.75,79.5,80.08,79.2,238793.0
2026-04-22,79.5,79.3,79.63,78.87,202782.0
2026-04-23,79.29,79.85,80.15,78.73,299432.0
2026-04-24,79.56,79.66,80.2,79.46,217880.0
2026-04-27,79.24,79.5,80.15,79.01,258512.0
2026-04-28,79.45,80.45,80.8,79.18,304729.0
2026-04-29,80.55,81.31,81.94,80.45,331108.0
2026-04-30,81.0,81.1,82.15,80.61,354433.0
2026-05-06,79.7,80.44,80.88,79.15,360419.0
2026-05-07,80.0,79.81,80.98,79.77,372176.0
2026-05-08,79.65,80.4,81.09,79.32,282423.0
2026-05-11,80.14,80.67,82.45,79.58,436444.0
2026-05-12,80.66,80.09,81.17,79.73,357756.0
2026-05-13,79.96,80.38,80.95,79.63,328497.0
2026-05-14,80.39,81.81,82.08,80.39,389267.0
2026-05-15,81.45,82.57,83.3,80.75,426609.0
2026-05-18,82.68,82.83,83.44,82.08,377354.0
2026-05-19,82.83,81.0,82.84,80.5,335818.0
2026-05-20,80.72,81.5,82.16,80.08,301597.0
2026-05-21,82.15,81.5,83.15,81.5,311813.0
2026-05-22,81.67,80.28,82.0,79.89,309848.0
2026-05-25,80.0,79.81,80.14,78.79,231275.0
2026-05-26,79.8,79.55,80.7,79.43,244953.0
2026-05-27,79.53,80.03,80.28,78.87,255888.0
2026-05-28,79.6,78.95,79.78,78.61,241998.0
2026-05-29,78.92,80.85,81.26,78.5,429729.0
2026-06-01,80.32,81.7,82.0,80.29,376711.0
2026-06-02,81.26,82.6,82.79,81.22,263177.0
2026-06-03,82.3,82.61,82.7,81.56,230326.0
2026-06-04,82.05,82.42,83.48,81.8,243658.0
2026-06-05,82.3,81.69,83.3,81.6,209494.0
2026-06-08,81.39,82.85,83.75,80.88,367031.0
2026-06-09,82.5,82.36,82.99,81.75,220992.0
2026-06-10,82.5,83.9,84.88,81.47,386973.0
2026-06-11,83.66,85.35,85.9,83.4,521437.0
2026-06-12,84.5,83.23,84.66,82.55,429353.0
2026-06-15,82.95,80.93,82.98,80.5,432926.0
2026-06-16,80.97,78.96,80.99,78.56,415239.0
2026-06-17,78.97,79.22,79.85,78.54,334472.0
2026-06-18,79.23,78.0,79.49,77.8,363668.0
2026-06-22,77.33,78.28,79.15,76.9,306710.0
2026-06-23,78.17,78.07,79.62,77.82,360891.0
2026-06-24,78.5,76.63,78.7,76.0,384878.0
2026-06-25,76.64,76.5,78.37,76.2,411490.0
2026-06-26,76.88,78.55,78.94,76.61,449534.0
2026-06-29,75.79,77.27,77.99,75.14,743258.0
2026-06-30,76.52,75.53,78.66,75.31,577509.0
2026-07-01,76.01,77.4,77.6,73.62,502242.0
2026-07-02,77.61,77.01,79.26,76.98,561468.0
2026-07-03,77.5,77.96,79.9,77.31,557803.0
2026-07-06,78.6,80.0,80.15,78.0,503837.0
2026-07-07,79.43,79.12,80.35,78.65,340654.0
2026-07-08,78.75,79.41,79.96,78.33,315459.0
2026-07-09,79.0,79.33,79.59,78.0,301215.0
2026-07-10,79.14,78.99,79.3,77.86,279619.0
2026-07-13,78.5,80.4,80.67,78.42,470416.0
2026-07-14,80.43,81.18,82.0,79.91,457503.0
2026-07-15,81.17,82.67,82.76,80.58,332211.0
2026-07-16,82.15,81.8,83.45,81.8,362382.0
2026-07-17,82.31,82.71,83.45,81.34,462795.0
2026-07-20,81.23,84.3,84.5,81.11,547048.0
2026-07-21,84.15,84.27,85.75,83.61,459099.0
2026-07-22,84.04,84.8,84.8,83.51,326917.0
2026-07-23,84.67,84.77,85.18,84.27,191238.0
2026-07-24,84.75,84.5,85.2,84.11,237911.0
2026-07-27,84.03,84.13,84.55,83.2,228192.0
2026-07-28,84.12,85.37,85.92,84.01,336711.0
2026-07-29,85.35,87.01,87.5,85.1,478144.0
2026-07-30,87.01,88.95,89.5,86.5,461498.0
2026-07-31,87.01,87.6,87.79,84.51,475045.0
2026-08-03,87.39,85.9,87.97,85.65,336693.0
2026-08-04,85.99,85.14,86.2,84.66,381121.0
2026-08-05,85.0,85.47,85.6,84.28,291297.0
2026-08-06,85.5,85.32,86.0,84.8,208696.0
2026-08-07,85.26,83.5,85.33,82.97,400168.0
2026-08-10,83.5,85.3,86.07,83.12,311419.0
2026-08-11,85.26,85.62,86.12,85.03,195092.0
2026-08-12,85.18,84.34,85.37,84.16,219285.0
2026-08-13,84.19,84.19,84.57,83.8,199750.0
2026-08-14,83.77,83.03,84.3,83.0,223924.0
2026-08-17,83.15,82.61,83.28,82.39,188452.0
2026-08-18,82.8,83.58,83.89,82.39,227070.0
2026-08-19,83.51,84.72,84.78,83.38,334067.0
2026-08-20,84.78,85.38,85.53,83.95,263355.0
2026-08-21,85.38,84.3,85.99,84.25,180211.0
2026-08-24,84.11,85.99,86.35,84.05,276683.0
2026-08-25,86.2,86.69,87.4,86.03,253055.0
2026-08-26,86.03,86.39,87.26,86.02,166377.0
2026-08-27,86.0,86.18,86.56,85.4,219219.0
2026-08-28,86.5,86.23,86.98,85.42,169362.0
2026-08-31,86.6,87.73,87.98,86.12,267918.0
2026-09-01,87.9,87.49,88.41,87.0,184260.0
2026-09-02,87.37,86.98,87.89,86.68,123201.0
2026-09-03,87.25,87.25,88.5,86.56,148596.0
2026-09-04,87.0,87.57,88.28,86.02,179524.0
2026-09-07,87.54,86.27,87.7,85.96,228905.0
2026-09-08,85.88,85.15,86.38,84.68,229435.0
2026-09-09,85.0,86.02,86.04,84.44,179786.0
2026-09-10,85.99,86.2,86.6,85.4,204987.0
2026-09-11,86.2,86.26,86.9,85.95,222863.0
2026-09-14,86.29,86.8,87.4,86.26,180951.0
2026-09-15,86.7,87.23,88.1,86.44,196776.0
2026-09-16,87.0,85.0,87.41,84.51,298455.0
